CUSTOMERID ,CUSTOMERNAME                             
44538, Big Star Collectibles                    
33222, H+ Sport                                 
28333, Nadias Garden                            
93888, Roux Academy                             
55533, Two Trees Olive Oil                      
76338, Hansel & Petal                           
29335, Binaryville Robots                       
33663, Orange Valley Community Arts Association 
38822, SAMOCA                                   
18226, Wisdom Pet Medicine                      
99402, Blue Sky Kites                           
11627, KinetEco Inc.                            
33667, Red30 Tech                               
38822, Landon Hotel                             
82772, Explore California                       
23561, Pixelford Photography                    
76338, Globe Bank International                 
87232,365 Trees Crafts
91658,Orange Valley Community Arts Association
69521,X+ Bridge
25080,12 Trees Olive Oil
92423,Happy Echo
27395,K+ Galaxy
65777,Torres Academy
89038,Bright Bridge
75658,360 Trees Robots
94827,T+ Collectibles
65780,Gretel & Thorn
96846,360 Trees Crafts
71654,Bright Collectibles
47933,Lena's Bridge
15041,Amira's Bridge
84901,ZENTRA
49010,Gretel & Petal
96180,360 Trees Olive Oil
62966,Violet Island Studio Co-op
65360,Coastville Crafts
66163,X+ Collectibles
69173,Coastville Olive Oil
63156,Bayville Robots
90100,Crimson Stream
75888,Nurture Paris
11414,88 Trees Crafts
34275,Ishikawa Academy
76899,Juno's Stream
96486,Chase California
29548,QUOBA
92838,Mountainville Skincare
47593,Build New York
34077,Eli's Peak
76435,Blue Bay Culture Guild
57862,Novak Academy
43495,Explore New York
85306,Black Valley Culture Guild
83421,White Mountain Culture Guild
23856,Klein Academy
97040,MERIA
69332,Snow & Root
36456,Create Paris
11982,Hansel & Thorn
54987,Happy Stream
36905,Crimson Leaf
96631,Curious Collectibles
45360,TALON
64029,365 Trees Photography
13696,Eli's River
64398,Happy Peak
19622,7 Trees Skincare
88928,Valleyville Skincare
67810,NAFCO
63996,101 Trees Crafts
43141,Sage's Stream
34662,Nina's Collectibles
12914,Lena's Galaxy
27498,Violet Ridge Community Arts Association
50483,Theo's River
90124,Marco's Collectibles
68752,Snow & Petal
31481,Valleyville Photography
73611,Hansel & Petal
92977,Build Alps
99798,Violet Mountain Studio Co-op
39159,Lucky Echo
73395,K+ Peak
38857,Chambers Academy
77151,360 Trees Medicine
49352,Swift Leaf
74247,12 Trees Kites
17409,Marco's Galaxy
29249,Amira's Collectibles
58573,Valleyville Medicine
29641,H+ Peak
35382,X+ Galaxy
81338,Delacroix Academy
30645,Happy Leaf
27875,K+ Leaf
70687,BEXLA
89996,Juno's Bridge
72598,Bayville Olive Oil
66143,T+ Peak
57435,Nina's Leaf
50901,Hemingway Academy
16063,Z+ Echo
36032,Hansel & Root
48260,Z+ Leaf
82489,Mendoza Academy
23939,Islandville Robots
56569,Z+ Collectibles
69746,White Mountain Studio Co-op
78513,Ridgeville Skincare
42605,SYNEX
26280,Black Island Culture Guild
53551,Chase Alps
69685,Golden Stream
53931,Valleyville Kites
89581,Chase Paris
40975,H+ Collectibles
45891,12 Trees Crafts
58225,T+ Leaf
11736,21 Trees Crafts
30406,K+ Stream
57129,Lucky Stream
96451,Lena's Echo
29410,Orange Coast Culture Guild
94321,Amira's Galaxy
97868,Nurture Oregon
27645,Sage's Leaf
32124,Coastville Medicine
86161,365 Trees Medicine
69631,Bayville Crafts
89802,Green Ridge Culture Guild
93365,7 Trees Photography
92241,Mountainville Medicine
54547,Discover California
99519,Yellow Mountain Studio Co-op
70213,Discover Paris
30456,Ridgeville Robots
52631,Swift Galaxy
56823,Coastville Robots
49502,X+ Leaf
70496,Nurture Alps
40780,Golden River
52025,H+ Galaxy
60121,7 Trees Olive Oil
81473,Mountainville Kites
34860,Violet Ridge Culture Guild
22969,Explore Paris
51222,Gretel & Root
41667,88 Trees Photography
64638,Discover Alps
23555,Build Oregon
92029,Juno's Peak
89792,Explore California
39722,88 Trees Medicine
73690,Black Coast Culture Guild
30455,Nina's Galaxy
95363,Snow & Thorn
93821,Orange Island Community Arts Association
32262,H+ River
35058,Happy River
44387,Black Bay Culture Guild
11737,Lucky Peak
78974,T+ Echo
45019,K+ Bridge
85348,Ridgeville Crafts
70397,Red Bay Studio Co-op
23770,Green Mountain Studio Co-op
49820,Amira's River
18310,7 Trees Robots
89738,Create Alps
92072,88 Trees Skincare
18534,Golden Echo
51080,H+ Stream
61014,Violet Ridge Studio Co-op
14991,H+ Bridge
78766,H+ Leaf
62444,Islandville Crafts
24097,T+ River
93563,Silver Echo
59634,Orange Coast Studio Co-op
84493,Golden Leaf
71449,Nina's Stream
50803,21 Trees Kites
96896,Yellow Bay Studio Co-op
43651,Happy Collectibles
24865,Nurture Japan
64458,88 Trees Olive Oil
42058,K+ Echo
83017,Nurture California
73111,Yellow Valley Culture Guild
75491,Explore Alps
48189,Build Japan
68586,Blue Mountain Community Arts Association
67306,Crimson Bridge
27118,101 Trees Medicine
24793,Ridgeville Photography
95067,Z+ Peak
82443,12 Trees Medicine
10162,Silver River
66528,Islandville Kites
94115,Theo's Peak
13494,Yellow Mountain Culture Guild
83379,Curious Echo
70917,Golden Bridge
25486,T+ Bridge
13478,Red Valley Community Arts Association
38661,Explore Oregon
95311,Green Bay Studio Co-op
60314,Z+ Stream
75231,Lena's Peak
50933,Islandville Photography
15440,Lena's River
17658,21 Trees Robots
30059,Marco's River
71245,Silver Galaxy
20550,Yellow Island Culture Guild
96571,Z+ Galaxy
38046,Coastville Skincare
26465,Create New York
49649,Ridgeville Kites
83869,Bright River
41402,Crimson Collectibles
12402,Amira's Peak
83650,Islandville Olive Oil
45632,White Bay Community Arts Association
20426,21 Trees Medicine
13232,White Island Studio Co-op
55320,Red Island Studio Co-op
36096,Violet Coast Community Arts Association
81960,Coastville Kites
61813,Sage's Galaxy
53693,T+ Galaxy
62468,White Ridge Studio Co-op
96496,Lena's Stream
29623,Ridgeville Olive Oil
55455,Chase New York
70354,Red Bay Community Arts Association
70745,Juno's River
82873,Valleyville Olive Oil
22167,White Island Community Arts Association
80694,365 Trees Kites
43550,Z+ Bridge
15900,21 Trees Photography
27391,Black Ridge Studio Co-op
24976,Mountainville Olive Oil
44977,365 Trees Olive Oil
21405,101 Trees Skincare
79365,Create Oregon
89854,21 Trees Olive Oil
88734,Red Mountain Culture Guild
54337,Sage's River
39414,Black Mountain Studio Co-op
31953,88 Trees Kites
50719,Blue Coast Community Arts Association
67058,Green Valley Culture Guild
89079,Curious Stream
74236,Yellow Bay Community Arts Association
15100,Valleyville Robots
80780,Theo's Bridge
77743,Green Valley Community Arts Association
29321,T+ Stream
40740,Yellow Ridge Culture Guild
34210,Ridgeville Medicine
50352,Golden Peak
72833,Chase Japan
49446,88 Trees Robots
39331,Green Island Studio Co-op
70136,Bright Peak
27533,Black Valley Studio Co-op
12099,Swift Bridge
13274,Green Valley Studio Co-op
71233,Lucky Leaf
74593,Discover Oregon
86667,360 Trees Photography
85833,Happy Galaxy
48409,Green Bay Community Arts Association
19575,Green Bay Culture Guild
39191,Red Valley Culture Guild
45486,101 Trees Olive Oil
45645,Silver Bridge
68845,Chase Oregon
54603,Silver Leaf
30460,21 Trees Skincare
96504,Violet Valley Community Arts Association
75617,Z+ River
42632,H+ Echo
96882,7 Trees Medicine
48558,Create California
31659,Eli's Galaxy
88136,Marco's Peak
53570,White Island Culture Guild
54765,Lucky Collectibles
87446,7 Trees Crafts
14452,Black Mountain Community Arts Association
31753,Nurture New York
35188,Lena's Collectibles
80707,Black Island Community Arts Association
59038,12 Trees Robots
63457,Create Japan
63877,Black Ridge Community Arts Association
15177,Lucky Bridge
97763,360 Trees Skincare
76186,Mountainville Crafts
13593,Swift Peak
62464,Red Valley Studio Co-op
74386,Amira's Stream
73731,Golden Galaxy
57289,Black Coast Community Arts Association
69234,Black Ridge Culture Guild
86239,Silver Collectibles
29870,Marco's Stream
34180,Eli's Collectibles
27155,Nina's Bridge
62318,Crimson Echo
46291,Nina's Echo
73956,K+ River
52581,Swift Echo
35652,Explore Japan
31261,360 Trees Kites
45049,Lucky River
77799,Blue Island Culture Guild
92927,Violet Bay Studio Co-op
81070,Yellow Mountain Community Arts Association
55205,Islandville Medicine
30411,X+ Stream
35733,X+ Peak
52957,Bright Stream
87620,Yellow Coast Studio Co-op
34872,Blue Coast Culture Guild
75785,White Coast Studio Co-op
24486,Orange Island Studio Co-op
76530,101 Trees Photography
35728,Violet Coast Studio Co-op
14032,Orange Ridge Community Arts Association
80065,Violet Valley Studio Co-op
84360,12 Trees Photography
24884,Bright Echo
27236,Blue Bay Community Arts Association
26865,Amira's Echo
13184,Bayville Kites
72343,Bayville Photography
23197,365 Trees Robots
91878,Lena's Leaf
24833,Blue Ridge Community Arts Association
58874,Orange Valley Studio Co-op
18308,K+ Collectibles
17454,Bayville Medicine
36198,Mountainville Photography
44760,Yellow Coast Culture Guild
26633,101 Trees Kites
63339,Bright Galaxy
99731,Crimson Peak
20608,12 Trees Skincare
61582,Green Ridge Studio Co-op
39926,Discover Japan
81032,Build Paris
75499,Valleyville Crafts
83237,Orange Ridge Culture Guild
20195,Build California
75269,Black Bay Studio Co-op
82607,X+ Echo
30598,White Ridge Culture Guild
26096,Golden Collectibles
49568,Theo's Stream
23804,Blue Ridge Culture Guild
53640,Swift Collectibles
11049,Blue Island Community Arts Association
82564,7 Trees Kites
49919,Mountainville Robots
36042,365 Trees Skincare
98501,Blue Bay Studio Co-op
42234,Bayville Skincare
25090,White Coast Community Arts Association
88188,X+ River
80760,Curious River
14225,Yellow Island Studio Co-op
79533,Orange Bay Culture Guild
19825,White Bay Culture Guild
26854,Orange Ridge Studio Co-op
15077,Orange Mountain Studio Co-op
58401,Nina's River
75493,White Bay Studio Co-op
56090,Green Ridge Community Arts Association
14832,Blue Ridge Studio Co-op
87048,Red Mountain Studio Co-op
23045,Blue Valley Studio Co-op
66512,Juno's Collectibles
34055,Orange Valley Culture Guild
80899,Swift River
48158,Orange Island Culture Guild
66662,Red Mountain Community Arts Association
94219,Happy Bridge
21327,Red Ridge Community Arts Association
98237,Sage's Echo
17975,Theo's Galaxy
26114,Juno's Leaf
16175,Sage's Collectibles
90710,Sage's Peak
